{"count":1,"self":414.4068608,"total":466.3961086,"children":{"InitializeActuators":{"count":1,"self":0.0025821999999999998,"total":0.0025821999999999998,"children":null},"InitializeSensors":{"count":1,"self":0.0030092,"total":0.0030092,"children":null},"AgentSendState":{"count":13216,"self":0.1000668,"total":3.8500875,"children":{"CollectObservations":{"count":6860,"self":3.4429936,"total":3.4429938,"children":null},"WriteActionMask":{"count":6860,"self":0.014783999999999999,"total":0.014783999999999999,"children":null},"RequestDecision":{"count":6860,"self":0.086764399999999992,"total":0.29224289999999997,"children":{"AgentInfo.ToProto":{"count":6860,"self":0.0631163,"total":0.20547849999999998,"children":{"GenerateSensorData":{"count":6860,"self":0.1423622,"total":0.1423622,"children":null}}}}}}},"DecideAction":{"count":13216,"self":47.335545599999996,"total":47.3355441,"children":null},"AgentAct":{"count":13216,"self":0.7957936,"total":0.7957936,"children":null},"AgentInfo.ToProto":{"count":17,"self":0.0012224999999999998,"total":0.0012224999999999998,"children":{"GenerateSensorData":{"count":17,"self":0,"total":0,"children":null}}}},"gauges":{"EnemyTraining.CumulativeReward":{"count":16,"max":4.088002,"min":-3.77806568,"runningAverage":0.3876899,"value":1.1989944,"weightedAverage":1.29634964}},"metadata":{"timer_format_version":"0.1.0","start_time_seconds":"1781081924","unity_version":"6000.0.29f1","command_line_arguments":"D:\\unity\\6000.0.29f1\\Editor\\Unity.exe -projectpath D:\\unity\\lamgamenhucut\\Code_DoAnI_NguyenThuyDuong_20227223\\DoAnMot -useHub -hubIPC -cloudEnvironment production","communication_protocol_version":"1.5.0","com.unity.ml-agents_version":"4.0.3","scene_name":"Scene2","end_time_seconds":"1781082390"}}