{"count":1,"self":55.125375999999996,"total":55.1833743,"children":{"InitializeActuators":{"count":1,"self":0.0030377,"total":0.0030377,"children":null},"InitializeSensors":{"count":1,"self":0.0025109999999999998,"total":0.0025109999999999998,"children":null},"AgentSendState":{"count":2407,"self":0.0149343,"total":0.0239156,"children":{"CollectObservations":{"count":608,"self":0.0037730999999999997,"total":0.0037730999999999997,"children":null},"WriteActionMask":{"count":608,"self":0.001009,"total":0.001009,"children":null},"RequestDecision":{"count":608,"self":0.0041992,"total":0.0041992,"children":null}}},"DecideAction":{"count":2407,"self":0.0093636999999999991,"total":0.0093636999999999991,"children":null},"AgentAct":{"count":2407,"self":0.018090699999999998,"total":0.018090699999999998,"children":null}},"gauges":{},"metadata":{"timer_format_version":"0.1.0","start_time_seconds":"1780952490","unity_version":"6000.0.29f1","command_line_arguments":"D:\\unity\\6000.0.29f1\\Editor\\Unity.exe -projectpath D:\\unity\\lamgamenhucut\\Code_DoAnI_NguyenThuyDuong_20227223\\DoAnMot -useHub -hubIPC -cloudEnvironment production","communication_protocol_version":"1.5.0","com.unity.ml-agents_version":"4.0.3","scene_name":"Scene1","end_time_seconds":"1780952545"}}