{"count":1,"self":12.614395199999999,"total":12.835426499999999,"children":{"InitializeActuators":{"count":1,"self":0.0020136999999999998,"total":0.0020136999999999998,"children":null},"InitializeSensors":{"count":1,"self":0.0040590999999999995,"total":0.0040590999999999995,"children":null},"AgentSendState":{"count":325,"self":0.0076114999999999993,"total":0.1905169,"children":{"CollectObservations":{"count":325,"self":0.17681059999999998,"total":0.17681059999999998,"children":null},"WriteActionMask":{"count":325,"self":0.0010136,"total":0.0010136,"children":null},"RequestDecision":{"count":325,"self":0.0050812,"total":0.0050812,"children":null}}},"DecideAction":{"count":325,"self":0.0061795999999999995,"total":0.0061795999999999995,"children":null},"AgentAct":{"count":325,"self":0.0172616,"total":0.0172616,"children":null}},"gauges":{},"metadata":{"timer_format_version":"0.1.0","start_time_seconds":"1781145987","unity_version":"6000.0.29f1","command_line_arguments":"D:\\unity\\6000.0.29f1\\Editor\\Unity.exe -projectpath D:\\unity\\lamgamenhucut\\Code_DoAnI_NguyenThuyDuong_20227223\\DoAnMot -useHub -hubIPC -cloudEnvironment production C:\\Users\\ntddu\\OneDrive\\Desktop\\Zalo.lnk","communication_protocol_version":"1.5.0","com.unity.ml-agents_version":"4.0.3","scene_name":"TrainingArena","end_time_seconds":"1781146000"}}