{"count":1,"self":34.8576768,"total":35.520402499999996,"children":{"InitializeActuators":{"count":1,"self":0.0025101,"total":0.0025101,"children":null},"InitializeSensors":{"count":1,"self":0.0010065999999999999,"total":0.0010065999999999999,"children":null},"AgentSendState":{"count":1087,"self":0.0180477,"total":0.5904633,"children":{"CollectObservations":{"count":1087,"self":0.55315779999999992,"total":0.55315779999999992,"children":null},"WriteActionMask":{"count":1087,"self":0.0098351999999999988,"total":0.0098351999999999988,"children":null},"RequestDecision":{"count":1087,"self":0.0094226,"total":0.0094226,"children":null}}},"DecideAction":{"count":1087,"self":0.0166741,"total":0.0166741,"children":null},"AgentAct":{"count":1087,"self":0.052072799999999995,"total":0.052072799999999995,"children":null}},"gauges":{},"metadata":{"timer_format_version":"0.1.0","start_time_seconds":"1781136743","unity_version":"6000.0.29f1","command_line_arguments":"D:\\unity\\6000.0.29f1\\Editor\\Unity.exe -projectpath D:\\unity\\lamgamenhucut\\Code_DoAnI_NguyenThuyDuong_20227223\\DoAnMot -useHub -hubIPC -cloudEnvironment production","communication_protocol_version":"1.5.0","com.unity.ml-agents_version":"4.0.3","scene_name":"TrainingArena","end_time_seconds":"1781136779"}}