{"count":1,"self":34.5656384,"total":34.745767,"children":{"InitializeActuators":{"count":4,"self":0.00051249999999999993,"total":0.00051249999999999993,"children":null},"InitializeSensors":{"count":4,"self":0.0010115999999999999,"total":0.0010115999999999999,"children":null},"AgentSendState":{"count":1046,"self":0.0075426,"total":0.1417922,"children":{"CollectObservations":{"count":768,"self":0.1271531,"total":0.1271531,"children":null},"WriteActionMask":{"count":768,"self":0.0045766999999999995,"total":0.0045766999999999995,"children":null},"RequestDecision":{"count":768,"self":0.0025198,"total":0.0025198,"children":null}}},"DecideAction":{"count":1046,"self":0.0134515,"total":0.0134515,"children":null},"AgentAct":{"count":1046,"self":0.022343699999999998,"total":0.022343699999999998,"children":null}},"gauges":{},"metadata":{"timer_format_version":"0.1.0","start_time_seconds":"1781249987","unity_version":"6000.0.29f1","command_line_arguments":"D:\\unity\\6000.0.29f1\\Editor\\Unity.exe -projectpath D:\\unity\\lamgamenhucut\\Code_DoAnI_NguyenThuyDuong_20227223\\DoAnMot -useHub -hubIPC -cloudEnvironment production","communication_protocol_version":"1.5.0","com.unity.ml-agents_version":"4.0.3","scene_name":"TrainingArena","end_time_seconds":"1781250022"}}