{
    "name": "root",
    "metadata": {
        "timer_format_version": "0.1.0",
        "start_time_seconds": "1780906552",
        "python_version": "3.10.11 (tags/v3.10.11:7d4cc5a, Apr  5 2023, 00:38:17) [MSC v.1929 64 bit (AMD64)]",
        "command_line_arguments": "D:\\unity\\lamgamenhucut\\Code_DoAnI_NguyenThuyDuong_20227223\\DoAnMot\\.venv-mlagents\\Scripts\\mlagents-learn ml-agents-config/enemy_training_ppo.yaml --run-id=enemy_rl_06 --timeout-wait 600",
        "mlagents_version": "1.1.0",
        "mlagents_envs_version": "1.1.0",
        "communication_protocol_version": "1.5.0",
        "pytorch_version": "2.1.1+cpu",
        "numpy_version": "1.23.5",
        "end_time_seconds": "1780906590"
    },
    "total": 37.75406650000059,
    "count": 1,
    "self": 0.007114799999726529,
    "children": {
        "run_training.setup": {
            "total": 0.11689230000047246,
            "count": 1,
            "self": 0.11689230000047246
        },
        "TrainerController.start_learning": {
            "total": 37.63005940000039,
            "count": 1,
            "self": 0.0009573999996064231,
            "children": {
                "TrainerController._reset_env": {
                    "total": 14.82737619999989,
                    "count": 1,
                    "self": 14.82737619999989
                },
                "TrainerController.advance": {
                    "total": 22.688416300001336,
                    "count": 11,
                    "self": 0.00027800000225397525,
                    "children": {
                        "env_step": {
                            "total": 22.687830500000018,
                            "count": 11,
                            "self": 22.66740419999678,
                            "children": {
                                "SubprocessEnvManager._take_step": {
                                    "total": 0.020252700002856727,
                                    "count": 11,
                                    "self": 0.0007996000049388385,
                                    "children": {
                                        "TorchPolicy.evaluate": {
                                            "total": 0.01945309999791789,
                                            "count": 11,
                                            "self": 0.01945309999791789
                                        }
                                    }
                                },
                                "workers": {
                                    "total": 0.00017360000038024737,
                                    "count": 10,
                                    "self": 0.0,
                                    "children": {
                                        "worker_root": {
                                            "total": 1.7674241000004258,
                                            "count": 10,
                                            "is_parallel": true,
                                            "self": 0.8017151999993075,
                                            "children": {
                                                "steps_from_proto": {
                                                    "total": 0.0004441999999471591,
                                                    "count": 1,
                                                    "is_parallel": true,
                                                    "self": 0.00028219999876455404,
                                                    "children": {
                                                        "_process_rank_one_or_two_observation": {
                                                            "total": 0.00016200000118260505,
                                                            "count": 2,
                                                            "is_parallel": true,
                                                            "self": 0.00016200000118260505
                                                        }
                                                    }
                                                },
                                                "UnityEnvironment.step": {
                                                    "total": 0.9652647000011711,
                                                    "count": 10,
                                                    "is_parallel": true,
                                                    "self": 0.0010138999987248098,
                                                    "children": {
                                                        "UnityEnvironment._generate_step_input": {
                                                            "total": 0.0010179000009884476,
                                                            "count": 10,
                                                            "is_parallel": true,
                                                            "self": 0.0010179000009884476
                                                        },
                                                        "communicator.exchange": {
                                                            "total": 0.9602591000002576,
                                                            "count": 10,
                                                            "is_parallel": true,
                                                            "self": 0.9602591000002576
                                                        },
                                                        "steps_from_proto": {
                                                            "total": 0.0029738000012002885,
                                                            "count": 10,
                                                            "is_parallel": true,
                                                            "self": 0.0017793000033634598,
                                                            "children": {
                                                                "_process_rank_one_or_two_observation": {
                                                                    "total": 0.0011944999978368287,
                                                                    "count": 20,
                                                                    "is_parallel": true,
                                                                    "self": 0.0011944999978368287
                                                                }
                                                            }
                                                        }
                                                    }
                                                }
                                            }
                                        }
                                    }
                                }
                            }
                        },
                        "trainer_advance": {
                            "total": 0.00030779999906371813,
                            "count": 10,
                            "self": 0.00021489999926416203,
                            "children": {
                                "process_trajectory": {
                                    "total": 9.28999997995561e-05,
                                    "count": 10,
                                    "self": 9.28999997995561e-05
                                }
                            }
                        }
                    }
                },
                "trainer_threads": {
                    "total": 1.8000000636675395e-06,
                    "count": 1,
                    "self": 1.8000000636675395e-06
                },
                "TrainerController._save_models": {
                    "total": 0.11330769999949553,
                    "count": 1,